Algorithm,Mean Error,Median Error,0.75 Quantile Error,Max Error,Std Error
knn_k1,1.5754008525669967,0.0,0.0,18.973665961010276,3.586911764450248
knn_k62,3.685892034858753,0.0,6.0,21.633307652783937,4.763841308316193
rwknn_k1,1.5754008525669967,0.0,0.0,18.973665961010276,3.586911764450248
rwknn_k62,1.801273533393858,0.0,0.0,18.973665961010276,3.7696122415012576
dwknn_k1,1.5754008525669967,0.0,0.0,18.973665961010276,3.586911764450248
dwknn_k62,1.5754008525669967,0.0,0.0,18.973665961010276,3.586911764450248
