Algorithm,Mean Error,Median Error,0.75 Quantile Error,Max Error,Std Error
knn_k1,1.3960706201715918,0.0,0.0,18.973665961010283,3.416435608973309
knn_k15,2.787426960096019,2.154065922853801,4.47213595499958,17.08800749063506,2.8328853284046414
knn_k31,3.296385237921957,2.7913945358430885,4.873423862715162,15.350229723018078,2.7080698216106844
knn_k63,3.902021863955149,3.4627921833710182,5.323971374999499,15.061476440321455,2.4942465648691434
dwknn_k1,1.3960706201715918,0.0,8.881784197001252e-16,18.973665961010283,3.416435608973309
dwknn_k15,1.8868723148887219,0.2654340576718249,2.6983200881941976,18.095534520469748,3.0763369939867955
dwknn_k31,1.9873458499882382,0.4765737746317621,2.845005798314199,18.17267322008471,2.9771675741429684
dwknn_k63,2.1120468754722257,0.6972636837721085,3.2917084471857856,17.409029052290016,2.8977655137575407
