index,data,pred_location,label,error
0,"[177.        179.5412371 177.0430464 181.5261845 188.        179.9442971
 189.2653509 192.3333333 188.5889145 181.204918  190.6894273 184.1956522]","(19.0, 7.0)","13,7",6.0
1,"[179.5452586 190.2984749 189.6666667 179.6077098 190.28739   194.7896996
 178.1345029 178.3975309 185.1594828 177.        179.6625514 182.579646 ]","(1.0, 7.0)","7,13",8.48528137423857
2,"[177.        177.9974359 178.8566434 178.9141104 180.4969136 188.4444444
 177.0091743 179.3349633 195.1928251 177.4652015 183.1703057 188.5068493]","(19.0, 6.999999999999999)","13,13",8.485281374238571
3,"[193.2018141 189.4590164 183.5217391 182.9301746 177.5605536 177.
 177.3694581 177.7354839 177.        177.        177.        177.       ]","(1.0, 13.0)","1,1",12.0
