index,data,pred_location,label,error
0,"[177.        179.5412371 177.0430464 181.5261845 188.        179.9442971
 189.2653509 192.3333333 188.5889145 181.204918  190.6894273 184.1956522]","(13.689422495907879, 3.274703985924737)","13,7",3.7885529916247562
1,"[179.5366972 191.0541126 185.5274725 187.7090909 192.8294798 183.3042506
 178.9412998 177.7024129 179.6430108 177.0064103 180.0020619 181.1188341]","(4.960527102559606, 7.037519564700919)","7,7",2.039817986274575
2,"[177.        177.9974359 178.8566434 178.9141104 180.4969136 188.4444444
 177.0091743 179.3349633 195.1928251 177.4652015 183.1703057 188.5068493]","(9.545609450540773, 10.82104482518502)","13,13",4.084196337352822
3,"[193.2018141 189.4590164 183.5217391 182.9301746 177.5605536 177.
 177.3694581 177.7354839 177.        177.        177.        177.       ]","(2.7306729986473037, 7.557016449132776)","1,1",6.781570153175786
