Algorithm,Mean Error,Median Error,0.75 Quantile Error,Max Error
knn_k1,1.474198293841912,0.0,0.0,18.973665961010283
knn_k15,2.9607357832987913,2.4000000000000004,4.68187996428785,17.08800749063506
knn_k31,3.452894097908051,2.9096702667818533,5.035978773390073,15.994405889906375
knn_k63,4.054898367020982,3.6265586218399553,5.386636733148514,14.36959501068054
dwknn_k1,1.4741982938419123,0.0,8.881784197001252e-16,18.973665961010283
dwknn_k15,2.3075170724231477,1.1790071802163171,3.56841016305124,16.962440711537322
dwknn_k31,2.6081294229456664,1.703562846914165,4.019901696821085,16.7583869448538
dwknn_k63,2.9986924743920205,2.294492701019936,4.351813975128481,15.799164258647055
