Algorithm,Mean Error,Median Error,0.75 Quantile Error,Max Error,Std Error
knn_k1,1.5882066091490918,0.0,0.0,18.973665961010283,3.615161305355368
knn_k16,2.980186055726771,2.401171589037318,4.875,17.787811838447137,2.971654262017055
knn_k31,3.4664693177922863,3.004678973469681,4.976045673387263,16.857608971290333,2.8277155135610976
knn_k62,4.125274432545568,3.6964699612818945,5.663564472928851,16.094220496895947,2.685323323986625
dwknn_k1,1.5882066091490918,0.0,1.7763568394002505e-15,18.973665961010283,3.615161305355368
dwknn_k16,2.4127935651581103,1.2032627666474245,3.801376070372519,18.40359227402017,2.9947732139453764
dwknn_k31,2.7084299111488126,1.7143909200365517,3.964893000451063,17.16208772647525,2.9193290158497156
dwknn_k62,3.111794582573072,2.3665190162217282,4.509090726943664,16.79409492794948,2.7824427568403824
