Algorithm,Mean Error,Median Error,0.75 Quantile Error,Max Error
knn_k1,1.3960706201715918,0.0,0.0,18.973665961010283
knn_k15,2.787426960096019,2.154065922853801,4.47213595499958,17.08800749063506
knn_k31,3.296385237921957,2.7913945358430885,4.873423862715162,15.350229723018078
knn_k63,3.902021863955149,3.4627921833710182,5.323971374999499,15.061476440321455
dwknn_k1,1.3960706201715918,0.0,8.881784197001252e-16,18.973665961010283
dwknn_k15,2.253310975125751,1.1558619989886607,3.524047077798769,16.959001601093266
dwknn_k31,2.5717247423560208,1.6661117601130782,3.893212573116004,16.203460962220742
dwknn_k63,2.963554425031642,2.2679208985147605,4.301332217084157,16.186615054379512
