Algorithm,Mean Error,Median Error,0.75 Quantile Error,Max Error,Std Error
knn_k1,4.4955834010423885,4.242640687119285,6.0827625302982185,19.723082923316017,2.4281851730826176
knn_k16,3.6733281919214553,3.5575623676894264,4.272001872658765,16.326741867255695,2.025738432363372
knn_k31,3.5242952859714816,3.233700019614905,4.421238120034689,14.592237755242168,2.1168019427827076
knn_k62,3.6052550763911753,3.3551488690373645,4.795506047522099,15.868869517740444,2.119956434744565
dwknn_k1,4.4955834010423885,4.242640687119285,6.082762530298218,19.723082923316017,2.4281851730826176
dwknn_k16,3.795798676439771,3.629682739588649,4.431074932381549,16.224137187462013,2.0775596131604477
dwknn_k31,3.6900208020056273,3.4222668951352992,4.506519064473418,14.638730470978023,2.097859391494152
dwknn_k62,3.6702186849775744,3.491101353032406,4.619528115127404,15.842976441234837,2.0731828699742954
