Algorithm,Mean Error,Median Error,0.75 Quantile Error,Max Error,Std Error
knn_k1,5.534905008398524,6.0,8.48528137423857,21.633307652783934,5.228867338714
knn_k3,5.618232148473492,5.656854249492381,7.211102550927977,18.0,2.9385611147066064
knn_k4,5.5940261899790436,5.4083269131959835,6.708203932499369,17.102631376487068,2.6225757354785473
dwknn_k1,5.534905008398524,6.0,8.48528137423857,21.633307652783934,5.228867338714
dwknn_k3,5.6655810679171275,5.9322956277742565,6.855622432900925,18.162123385290517,3.076499267753586
dwknn_k4,5.612175531525971,5.377176790015447,7.052723503850531,17.684675636615037,2.7818708666635374
